OBJECTID_1,OBJECTID,WARD,PARCEL,PID_LONG,WPD,BATCH,Petition,Name_of_Pr,Areas_Desi,Address,Neighborho,Date_Desig,PID,F8,URL,ShapeSTArea,ShapeSTLength
1,0,0,1227,0501227000,05-06-060,0,15,Arlington Street Church,Exterior only (Parcel 1227),355 Boylston Street,Back Bay,4/25/1978,0501227000,Yes,http://bit.ly/1hxPmFI,18020.3356933594,545.605341244742
2,0,0,2940,0702940000,07-09-020,0,20,James Blake House,Exterior & Interior (parcel 2942),210 East Cottage Street,Dorchester,4/25/1978,0702940000,Yes,http://bit.ly/1jYQY0u,48552.1611328125,935.928327050859
3,0,0,4662,0304662000,03-06-635,0,6,International Trust Company Building,Exterior only (parcel 4662),45 Milk Street,Boston,4/25/1978,0304662000,Yes,http://bit.ly/PYzOF9,8440.900390625,378.74388511021
4,0,0,3686,0203686000,02-01-135,0,59,Austin Block,Exterior only (Parcel 3686),90-92 Main Street,Charlestown,1/31/1981,0203686000,Yes, ,1941.09692382812,187.441190375653
5,0,0,6485,2006485000,20-18-030,0,73,Theodore Parker Unitarian Church,Exterior and windows,1851 Centre Street,West Roxbury,4/9/1985,2006485000,Yes,http://bit.ly/1ipNCzj,24218.6893310547,685.856613607365
6,0,0,3615,0103615000,01-07-006,0,58,Trinity Neighborhood House,Exterior only (Parcel 3615),406 Meridian Street,East Boston,6/23/1981,0103615000,Yes,http://bit.ly/1qkUDpi,10762.8806152344,501.55696271789
7,0,0,4580,0304580000,03-08-420,0,57,Proctor Building,Exterior only (Parcel 4580),100-6 Bedford Street,Boston,9/27/1983,0304580000,Yes,http://bit.ly/1qg9aVk,950.32568359375,151.937885581338
8,0,0,3772,2203772000,22-04-015,0,31,Oak Square School,Exterior only (Parcel 3772),35 Nonantum Street,Brighton,4/10/1979,2203772000,Yes, ,24871.5559082031,731.346857319878
9,0,0,4406,0304406000,03-06-490,0,52,United Shoe Machinery Company Building,Exterior and Interior lobby (Parcel 4406),140 Federal Street,Boston,12/20/1983,0304406000,Yes, ,28352.6005859375,691.471970055759
10,0,0,2186,1902186000,19-03-905,0,142,"Emerald Necklace Parks - Jamaica Pond, Olmsted Park and The Riverway","Landforms, Waterbodies, Vegetation, Roadways, Structures (Exterior) (Parcels 1994, 1994-1, 1965, 318, 1585, 2186)","Riverway, Jamaicaway","Fenway, JP",10/24/1989,1902186000,Yes,http://bit.ly/1eogG9l,9190669.58959961,33960.2428390927
11,0,0,1157,0501157000,05-01-005,0,91,Berkeley Building,Exterior only,414-26 Boylston Street,Back Bay,7/9/1985,0501157000,Yes,http://bit.ly/1lGiOhU,17937.1257324219,536.78608910167
12,0,0,5978,0105978000,01-06-015,0,156,39 Princeton Street (Architectural Conserv. Dist),Exterior only (Parcel 5978),39 Princeton Street,East Boston,3/26/1991,0105978000,Yes, ,2523.58935546875,251.509511480683
13,0,0,3881,0303881000,03-06-185,0,164,McCormack Federal Building,Exterior only (Parcel 3881),5 Post Office Square,Boston,3/20/1998,0303881000,Yes, ,46515.7158203125,866.55945691602
14,0,0,3925,0603925000,06-08-050,0,53,Harrison Loring House,Exterior & landscape elements (Parcel 3925),789 East Broadway,South Boston,6/23/1984,0603925000,Yes,http://bit.ly/1g3R9TB,13546.8325195312,467.077768087854
15,0,0,4828,0304828000,03-08-020,0,203,Modern Theatre,Exterior only,523-525 Washington Street,Boston,6/25/2002,0304828000,Yes,http://bit.ly/1kGuxvp,5071.080078125,352.249504684166
16,0,0,4830,0304830000,03-08-020,0,87,Keith Memorial Theater/Opera House,Exterior & Interior (parcel 4830),537-39 Washington St.,Theater,5/4/1999,0304830000,Yes, ,32292.3581542969,892.671889679949
17,0,0,4908,0304908000,03-08-055,0,29,Boylston Building,Exterior only (Parcel 4908),2 Boylston Street,Theater,11/30/1977,0304908000,Yes,http://bit.ly/1g1sEq2,15547.4743652344,539.632085169493
18,0,0,3410,0103410000,01-08-040,0,3,Donald McKay House,Exterior & grounds (parcel 61090),80 White Street,East Boston,5/10/1977,0103410000,Yes, ,12576.1352539062,533.621432353897
19,0,0,4584-10,0304584010,03-06-665,0,113,Filene’s Complex,Exterior Only (parcel 0304584010),426 Washington Street,Boston,5/9/2006,0304584010,Yes,http://bit.ly/1ipl9d6,66216.2033691406,1038.3038609058
20,0,0,1734,1201734000,12-03-050,0,190,Malcolm X – Ella Little-Collins House,Exterior only (Parcel 1734),72 Dale Street,Roxbury,10/16/1998,1201734000,Yes,http://bit.ly/OxgrC2,7251.31372070312,350.830624859985
21,0,0,1312,1301312000,13-05-020,0,213.04,George Milliken House,Exterior only (Parcel 01312000),44 Virginia Street,Dorchester,1/23/2007,1301312000,Yes,http://bit.ly/1eoiIq3,7567.20654296875,351.45964902072
22,0,0,5640,0305640000,03-08-070,0,85,Wang Theater,Interior Only (Parcels 5640 & 5640-1),268 Tremont Street,Theater,7/10/1990,0305640000,Yes, ,21981.0979003906,1190.87670637141
23,0,0,1551,1301551000,13-09-070,0,18,William Monroe Trotter House,Exterior & grounds (parcel 22110),97 Sawyer Avenue,Dorchester,10/25/1977,1301551000,Yes, ,3977.24658203125,259.842330361993
24,0,0,4029,0304029000,03-06-580,0,143,Batterymarch Building,Exterior only (Parcel 4029),54 Batterymarch St.,Boston,  08/08/1995,0304029000,Yes,http://bit.ly/1iq1jzB,23792.2985839844,616.905828073301
25,0,0,3038,0503038000,05-09-080,0,151,Burrage House,Interior,314 Commonwealth Ave,Back Bay,1/28/2003,0503038000,Yes,http://bit.ly/1qfPz5L,6917.15747070312,357.230829826116
26,0,0,1135,0501135000,05-01-095,0,2,Armory of First Corps Cadets,Exterior only (Parcel 1135),130 Columbus Ave.,South Cove,5/10/1977,0501135000,Yes,http://bit.ly/1hxPmFI,28021.5324707031,728.300043367432
27,0,0,3890,0303890000,03-06-715,0,175,Old State House,"Exterior & interior entries, rotunda, council chamber & Keayne, Whitmore & Representatives Hall (Parcel 3890)",208 Washington Street,Boston,10/11/1994,0303890000,Yes, ,4588.81860351562,306.917127171399
28,0,0,1259,0501259000,05-03-080,0,5,Public Garden,"Bounded by: Beacon, Arlington, Boylston, Charles",Beacon Street,Boston,5/10/1977,0501259000,Yes,http://bit.ly/1qkJlBG,1024117.78271484,4131.59219201523
29,0,0,4966,0304966000,03-08-280,0,67,Liberty Tree Block,Exterior only (Parcel 4966),628-36 Washington St.,Theater,4/9/1985,0304966000,Yes,http://bit.ly/1ipzo1u,9162.06567382812,384.719659586805
30,0,0,1290,1901290000,19-09-045,0,187,Loring-Greenough House,Exterior & interior (parcel 1290),12 South Street,Jamaica Plain,4/27/1999,1901290000,Yes, ,77346.962890625,1200.9001000926
31,0,0,3940,0303940000,03-06-555,0,117,Flour & Grain Exchange,Exterior only (Parcel 3940),177 Milk Street,Boston,4/26/1994,0303940000,Yes, ,11460.5061035156,431.631881474782
32,0,0,4157,0304157000,03-06-590,0,26,Federal Reserve Bank,Exterior only,30 Pearl Street,Boston,10/10/1978,0304157000,Yes,http://bit.ly/PYuAcp,35987.044921875,825.908589791801
33,0,0,2855,0902855000,09-04-275,0,189,Vienna Brewery Complex,Exterior (Parcel 2855),133 Halleck & 37 Station,Roxbury,1/26/1999,0902855000,Yes,http://bit.ly/1hoEorO,17919.4184570312,538.040611310515
34,0,0,4928,0304928000,03-08-060,0,25,Jacob Wirth's Restaurant,"Exterior & Interior volume, original features & furnishings (parcels 4928 & 4929)",31-39 Stuart Street,Theater,11/30/1977,0304928000,Yes,http://bit.ly/1hXf1fD,5048.69995117188,309.717064712782
35,0,0,2,0500002000,05-01-025,0,88,Saxon Theater/Emerson Majestic,"Exterior & Interior volume, finishes, lighting, finishes & furniture (Parcel 2)",219-21 Tremont Street,Theater,8/12/1986,0500002000,Yes, ,10386.0959472656,420.745626770698
36,0,0,3689,0303689000,03-06-340,0,176,Faneuil Hall,"Exterior & Interior stair, great hall, galley, Rm 205, Ancient & Honorable Artillery, Commandery (Parcel 3689)",1-10 Faneuil Hall Sq.,Boston,12/13/1994,0303689000,Yes,http://bit.ly/1mVEglU,8746.27783203125,376.570196055337
37,0,0,5645,0305645000,03-08-070,0,39,Wilbur Theater,"Exterior & Interior vestibule, lobby, auditorium, basement lounge and restroom anterooms (Parcel 5645)",250 Tremont Street,Theater,7/14/1987,0305645000,Yes,http://bit.ly/1oJsBII,9824.94018554688,433.668395362373
38,0,0,4920,0304920000,03-08-060,0,17,Hayden Building,Exterior only (parcel 4920),681 Washington Street,Theater,11/30/1977,0304920000,Yes,http://bit.ly/1qg2xSL,1740.53686523438,191.040687485009
39,0,0,2803,1902803000,19-02-005,0,7,Adams Nervine Asylum,"Weld, Adams, Davis, Carriage, Boiler, Green, Directors Houses, Nurses Cottage, Landscape (parcel 2803)",990-1020 Centre Street,Jamaica Plain,5/10/1977,1902803000,Yes,http://bit.ly/1ipZvqk,394695.245849609,2691.11456243623
40,0,0,2802,0502802000,05-06-020,0,149,Gibson House,"Interior volume, finishes, systems, plumbing, lighting (Parcel 2802)",137 Beacon Street,Back Bay,7/28/1992,0502802000,Yes, ,2441.26879882812,267.609153508035
41,0,0,4832-400,0304832400,03-08-020,0,23,Paramount Theater,"Exterior & Interior volume, finishes, lighting, fittings & furniture (Parcel 4832)",549-63 Washington St.,Theater District,2/14/1984,0304832400,Yes,http://bit.ly/OxlNwQ,38206.9970703125,1111.81138929501
42,0,0,4175,0504175000,05-02-035,0,56,Back Bay Fens,Landscape & Park Structures,The Fenway,Fenway,11/1/1983,0504175000,Yes,http://bit.ly/1oHzSZu,4279103.45263672,14055.2543233498
43,0,0,4005,0304005000,03-06-570,0,82,25-27 India Street,Exterior only (Parcel 4005),25-27 India Street,Boston,11/1/1983,0304005000,Yes,http://bit.ly/1ilHsAg,3713.818359375,243.881695800691
44,0,0,4001,0304001000,03-06-570,0,84,50-52 Broad Street,Exterior only (Parcel 4001),50-52 Broad Street,Boston,4/9/1985,0304001000,Yes,http://bit.ly/1kDw5pX,1776.43994140625,175.152211957414
45,0,0,2885,0302885000,03-06-140,0,114,Ames Building,Exterior only (Parcel 2885),1 Court Square,Boston,11/23/1993,0302885000,Yes,http://bit.ly/1lGieAK,6611.1279296875,334.335091262826
46,0,0,12,1000012000,10-01-005,0,200,Mission Church Complex,"Bounded by Tremont Street, St. Alphonsus Street, Smith Street, and Mission Hill Park",Mission Hill,Mission Hill,8/10/2004,1000012000,Yes,http://bit.ly/R0w8DL,104438.228027344,1330.41360843529
47,0,0,4893,0304893000,03-08-050,0,28,Boston Young Men's Christian Union Building,Exterior only (Parcel 4893),48 Boylston Street,Theater,11/30/1977,0304893000,Yes,http://bit.ly/1fXVXgv,20228.3640136719,784.675511468925
48,0,0, , , ,0,19,Commonwealth Avenue Mall,"Landscape Features, monuments, street furniture, fences; Bounded by Kenmore, Arlington Street",Commonwealth Avenue,Back Bay, , ,Yes,http://bit.ly/1jol0tL,574386.680419922,13788.7346169829
49,0,0,3958-10,0203958010,02-01-245,0,129,Great House Archaeological Site,Interpretive Elements and Archaeology,City Square,Charlestown, , ,Yes, ,52720.0251464844,913.292164809589
50,0,0,2802,1902802000,19-02-005,0,221.06,Lewis Dawson Farm House,"Exterior Only, designation extends to the landscape to the property lines on the east, south, and west, and 35' north of the house",1090 Centre Street,Jamaica Plain, , ,Yes,http://bit.ly/1g1X4Ml,222520.768310547,2196.74053074527
51,0,0, , , ,0,156,41 Princeton Street,Exterior Only,41 Princeton Street (Architectural Conservation District), , , ,Yes, ,2523.36499023438,251.503717094353
52,0,0, , , ,0, ,Sidewalk Clock - Peabody Square,None,Peabody Square at the intersection of Dorchester Avenue and Ashmont Street,Dorchester, , ,Yes, ,13.441162109375,14.6720870995867
53,0,0, , , ,0, ,Sidewalk Clock - 342 West Broadway,None,333 Massachusetts Avenue,South End, , ,Yes, ,12.091796875,13.9343464933654
54,0,0, , , ,0, ,Sidewalk Clock - 333 Massachusetts Ave,None,333 Massachusetts Avenue,South End, , ,Yes, ,3.903564453125,7.9548086397559
55,0,0, , , ,0,223.07,Christian Science Center Complex,Exterior Only,"Bounded by Huntington Avenue, Horticultural Hall, Massachusetts Avenue, Clearway Street, Dalton Street, and Belvidere Street",Fenway,03/09/2011, ,Yes,http://bit.ly/1lGnbcZ,577201.892089844,3620.80126511601
56,0,0,4814,304814000, ,0,232.08,Elizabeth Peabody Bookstore and Circulating Library,"Exterior only (Parcel 0304814000)
",13-15 West Street,Boston,11/23/11,304814000,Yes,http://bit.ly/1kGDfKd,1823.27685546875,192.893145968601
57,0,0,812,0500812000,05-03-075,0,4,Boston Common,"Bounded by: Park, Beacon, Charles, Boylston Tremont",Beacon Street,Boston,5/10/1977,0500812000,Yes,http://bit.ly/1kDArNW,2098972.70825195,5940.55848504442
58,0,0,1833,2101833000,21-09-045,0,72,St. Gabriel's Monastery Building,Exterior Only,159 Washington Street,Brighton,1/10/1989,2101833000,Yes, ,19636.9074707031,914.066227569349
59,0,0,4109,1404109000,14-14-055,0,217.05,Fowler Clark Farm,"Exteriors of house and barn and parcels 04151000, 04150000, 04149000, 04148000, 04147000, 04109000.",487 Norfolk Street,Mattapan,1/10/2006,1404109000,Yes,http://bit.ly/PLqLHJ,29534.0498046875,744.513598247878
60,0,0,1857,2201857000,22-05-095,0,173,Allston Depot,Exterior and Specified Interior Features,15 Franklin Street,Allston,5/13/1997,2201857000,Yes, ,24778.4533691406,660.485959340109
61,0,0,4763,0304763000,03-06-670,0,69,20-30 Bromfield Street,Bromfield Street Facade (Parcel 4762 & 4763),20-30 Bromfield Street,Boston,3/8/1983,0304763000,Yes, ,5492.81103515625,310.004545329905
62,0,0,4578,0304578000,03-08-420,0,49,Church Green Buildings,"Exterior only (Parcels 4577, 4578)","101-3, 105-13 Summer St.",Boston,10/2/1979,0304578000,Yes,http://bit.ly/1jVNHyQ,10361.3952636719,422.621007225184
63,0,0,3870,0303870000,03-06-210,0,50,Stock Exchange Building,Exterior of State & Kilby Street facades back 60' from the street (Parcel 3870),53 State Street,Boston,1/2/1980,0303870000,Yes, ,19578.9187011719,754.666575325851
64,0,0,3346,0303346000,03-06-123,0,16,Ebenezer Hancock House,Exterior & original interior features (parcel 3346),Marshall Street,Boston,7/5/1978,0303346000,Yes, ,2072.96044921875,182.927790654701
65,0,0,3888,0303888000,03-06-190,0,97,Second Brazer Building,Exterior only (Parcel 3889),25-29 State Street,Boston,7/9/1985,0303888000,Yes,http://bit.ly/1jqEE8t,2759.28515625,215.495240258175
66,0,0,3822-110,0303822110,03-06-290,0,108,U.S. Custom House,Exterior & Interior lobby & rotunda (Parcel 3822),McKinley Square,Boston,7/29/1986,0303822110,Yes,http://bit.ly/1oJsvRu,13267.4909667969,498.390027518805
67,0,0,2439,2102439000,21-16-035,0,107,Chestnut Hill Reservoir & Pump Station Complex,"Structures, Landscaping, Driveways, Reservoir (Parcels 2439, 2472, 2442-5)",2400-50 Beacon Street,Brighton,9/26/1989,2102439000,Yes,http://bit.ly/1qeQvJv,5363534.88330078,13222.0026728008
68,0,0,3285,0903285000,09-05-070,0,48,Cox Building,Exterior only (Parcels 3282-3288),1-7 Dudley Street,Roxbury,7/10/1979,0903285000,Yes, ,10914.6794433594,401.222306502107
69,0,0,8964,2008964000,20-17-005,0,14,Brook Farm,"Print Shop Exterior & Landscape Features (parcels 8964, 8965, 8966)",670 Baker Street,West Roxbury,10/25/1977,2008964000,Yes,http://bit.ly/1h9ebwA,7404053.2442627,14364.7590162325
70,0,0,1052,0401052000,04-02-020,0,99,Boston Public Library - Copley Branch,Exterior and Interior (Parcel 1052),700 Boylston Street,Back Bay,12/12/2000,0401052000,Yes,http://bit.ly/1lGjC6y,161762.287841797,1694.22665761595
71,0,0,3868-10,0303868010,03-06-255,0,74A,5-7 Broad Street,Exterior only (Parcel 3868),5-7 Broad Street,Boston,11/1/1983,0303868010,Yes, ,1217.64624023438,183.971734926035
72,0,0,3733,0203733000,02-01-115,0,186,Edward Everett House,"Exterior & landscape features (ward 2, parcel 3733)",16 Harvard Street,Charlestown,10/22/1996,0203733000,Yes,http://bit.ly/1svXf7Q,4586.25659179688,275.905893005898
73,0,0,2060,1902060000,19-03-060,0,145,Curley House,"Exterior & Interior entry hall, library, main hall, dining room & staircase (Petition 2060)",350 Jamaicaway,Jamaica Plain,9/26/1989,1902060000,Yes, ,42445.6870117188,879.189143058344
74,0,0,3999,0703999000,07-10-050,0,37,Dorchester North Burying Ground,"Topography, walkways, headstones, walls (Parcel 3999)",Columbia Road and Stoughton Street,Dorchester,11/1/1981,0703999000,Yes,http://bit.ly/1g1yeIP,143417.643310547,1810.07115926146
75,0,0,3975,0303975000,03-06-385,0,79,102 Broad Street,Exterior only (part of Parcel 3975),102 Broad Street,Boston,11/1/1983,0303975000,Yes, ,1718.92431640625,187.556826662856
76,0,0,3995,0303995000,03-06-570,0,77,68 Broad Street,Exterior only (Parcel 3995),68 Broad Street,Boston,11/1/1983,0303995000,Yes,http://bit.ly/1hUBgmm,1025.06958007812,131.254369048131
77,0,0,3990-10,0303990010,03-06-560,0,78,72 Broad Street,Exterior only (Parcel 3992),72 Broad Street,Boston,11/1/1983,0303990010,Yes,http://bit.ly/1hxOctQ,1885.61889648438,186.604381481258
78,0,0, , , ,0,35,Charlestown Savings Bank,Exterior Only,1-4 Thompson Square,Charlestown, , ,Yes,http://bit.ly/1jVLrrv,25090.8325195312,753.624276869629
79,0,0, ,1600245010, ,0,55,Dorchester Pottery Works,Exterior and Kiln,101-105 Victory Rd.,Dorchester, , ,Yes, ,25084.2658691406,653.636846148541
80,0,0,77,2100077000,21-01-055,0,141,Sears Building,"Exterior only, Site parcels 2100077000 and 2100077010 are Protection Area",201 Brookline Ave,Fenway, , ,Yes,http://bit.ly/R0CkvA,388016.862792969,2493.82915947705
81,0,0, , , ,0,66,Blackstone Block,Streets and Sidewalks,"Marshall Street, Creek Square, Marsh Lane, Salt Lane, Scott Alley, and Public Alley 102",Boston, , ,Yes,http://bit.ly/1oHAajg,117321.316650391,1426.88368368984
82,0,0,3486, , ,0,42,Franklin Park,"Landscape Features, Park Structures","Bounded by Forest Hills Street, Seaver Street, Blue Hill Avenue, American Legion Highway, Morton Street, and Forest Hills Cemetery",Roxbury, , ,Yes,http://bit.ly/1mVFgGJ,21436291.267334,21172.4975238315
83,0,0, , , ,0,75,7-9 Broad Street,Exterior Only,7-9 Broad Street,Boston, , ,Yes, ,870.628173828125,127.741265968773
84,0,0, , , ,0,76,64 Broad Street,Exterior Only,64 Broad Street,Boston, , ,Yes,http://bit.ly/1e9FoQr,798.507080078125,120.759993236737
85,0,0,3398,0303998000,03-06-570,0,83,66 Broad Street,Exterior only (Parcel 3996),66 Broad Street,Boston,11/1/1983,0303998000,Yes,http://bit.ly/1e5MJ2X,891.0498046875,125.102554316434
86,0,0, , , ,0,206.02,Charles River Speedway Administration Building,Exterior Only,1440 Soldiers Field Road, , , ,Yes,http://bit.ly/1hUHYsG,37473.4741210938,822.233578858727
87,0,0, , , ,0,230.08,Isabella Stewart Gardner Museum,"parcels 0401837000, 0401836000, 0401838000, 0401839000, 0401840000",280 The Fenway,Fenway,4/23/2013, ,Yes,http://bit.ly/1qkuoj0,75986.9523925781,1283.89846166934
88,0,0,3888,0603888000,06-09-040,0,249,James Collins Mansion,0603888000,928 East Broadway,South Boston,07/09/2014,0603888000,Yes, ,15710.4248046875,501.38864807535
89,0,0,90-10,1100090010,11-01-010,0,234.08,Alvah Kittredge House,1100090010,10 Linwood St,Roxbury,01/12/2016,1100090010,Yes, ,5297.65454101562,313.562012373478
90,0,0,1754,0401754000,04-07-010,0,242.11,Massachusetts Historical Society,0401754000,1154 Boylston St,Fenway,04/26/2016,0401754000,Yes, ,11062.5903320312,439.930081793852
91,0,0,2410-10,1702410010,17-01-085,0,8,Roswell Gleason House,Demolished 10/82,101 Claybourne St,Dorchester, ,1702410010,Yes, ,25751.3833007812,709.166991155304
92,0,0,3903,0303903000,03-06-175,0,250.14,Winthrop-Carter Building, ,1 Water Street,Boston,01/12/2016,0303903000,Yes, ,6220.32592773438,410.386051561071
93,0,0,3880,0303880000,03-06-230,0,198,10 Post Office Square, ,10 Post Office Square,Boston, ,0303880000,Pending, ,36444.7329101562,850.173304996886
94,0,0,4039,0304039000,03-06-525,0,124,109-113 Broad Street, ,109-113 Broad Street,Boston, ,0304039000,Pending, ,3978.82495117188,337.333660040929
95,0,0,4040,0304040000,03-06-525,0,125,115-119 Broad Street, ,115-119 Broad Street,Boston, ,0304040000,Pending, ,4176.59155273438,357.466096055204
96,0,0,3550,1703550000,17-13-040,0,228.07,1203-5 Adams Street, ,1203-1205 Adams Street,Dorchester, ,1703550000,Pending, ,11323.6364746094,426.298855515459
97,0,0,4041,0304041000,03-06-525,0,126,123-125 Broad Street, ,123-125 Broad Street,Boston, ,0304041000,Pending, ,3907.58422851562,375.891560687607
98,0,0,4042,0304042000,03-06-525,0, ,127-133 Broad Street, ,127-133 Broad Street,Boston, ,0304042000,Pending, ,3379.46948242188,271.946358996864
99,0,0,3759-20,1103759020,11-08-100,0,209.04,40 Orchardhill Road, ,40 Orchardhill Road,Jamaica Plain, ,1103759020,Pending, ,5734.47216796875,299.558692939683
100,0,0,1499,1301499000,13-09-060,0,225.07,65 Pleasant Street, ,65 Pleasant Street,Dorchester, ,1301499000,Pending, ,9821.5458984375,406.326806274787
101,0,0,1135,0501135000,05-01-095,0,40,Armory of First Corps Cadets,Interior,130 Columbus Ave.,South Cove, ,0501135000,Pending, ,28021.5324707031,728.300043367432
102,0,0,4831,0304831000,03-08-020,0,171,Bijou Theater/Amusement Center, ,543-547 Washington Street,Boston, ,0304831000,Pending, ,9827.22631835938,456.612248732022
103,0,0,2038-10,1002038010,10-09-050,0,214.05,Blessed Sacrament Church Complex, ,"Centre, Creighton, Sunnyside Streets",Jamaica Plain, ,1002038010,Pending, ,135845.825195312,1605.14723102767
104,0,0,3823,0303823000,03-06-270,0,116,Board of Trade Building, ,2-22 Broad Street,Boston, ,0303823000,Pending, ,15179.4577636719,517.494879637606
105,0,0,2826,0502826000,05-06-030,0,227.07,Boston Center for Adult Education, ,5 Commonwealth Avenue,Back Bay, ,0502826000,Pending, ,10026.1496582031,410.77646231855
106,0,0,2615,0302615000,03-06-140,0,224.07,Boston City Hall, ,1 City Hall Plaza,Boston, ,0302615000,Pending, ,127108.005615234,1450.92308111829
107,0,0,2673-2,0602673002,06-01-185,0,183,Boston Fish Pier, ,212-234 Northern Avenue,Boston, ,0602673002,Pending, ,540832.296875,3336.94602899117
108,0,0,3357,2203357000,22-13-050,0,196,Boston Public Library - Faneuil Branch, ,419 Faneuil Street,Brighton, ,2203357000,Pending, ,13300.037109375,469.495541774302
109,0,0,12032-20,1812032020,18-19-050,0,205.02,Charles F Allen House, ,18 Roxana Street,Hyde Park, ,1812032020,Pending, ,8775.73779296875,375.012846131311
110,0,0,45,0500045000,05-01-025,0,86,Colonial Theater,Interior,106 Boylston Street,Boston, ,0500045000,Pending, ,23913.2897949219,649.629413591197
111,0,0,1489,0501489000,05-03-060,0,24,Eben Jordan House,Interior,46 Beacon Street,Beacon Hill, ,0501489000,Pending, ,6831.93872070312,339.800947558641
112,0,0,86-30,1600086030,16-02-075,0,65,Elisha Loring House, ,21 Mill Street,Dorchester, ,1600086030,Pending, ,24045.0822753906,605.614359332008
113,0,0,3327,2203327000,22-07-030,0,188,Faneuil Gatekeeper's House, ,351 Faneuil Street,Brighton, ,2203327000,Pending, ,9055.79223632812,398.655467092873
114,0,0,4203,0504203000,05-02-015,0,184,Fenway Park, ,24 Yawkey Way,Fenway, ,0504203000,Pending, ,327088.876220703,2301.7294434131
115,0,0,3139,0903139000,09-05-045,0,152,Ferdinand's Blue Store, ,2260-2272 Washington Street,Roxbury, ,0903139000,Pending, ,37287.8933105469,860.3724251074
116,0,0,3028-300,0303028300,03-01-010,0,12,Commercial Wharf, ,84 Atlantic Avenue,Waterfront, ,0303028300,Pending, ,85257.5798339844,1519.86564961167
117,0,0,1087,0401087000,04-02-060,0,147,Copley Plaza,Interior and Exterior,138 St James Avenue,Back Bay, ,0401087000,Pending, ,57002.7463378906,938.334424782139
118,0,0,1358,0501358000,05-07-055,0,130,First Baptist Church,Interior,110 Commonwealth Avenue,Back Bay, ,0501358000,Pending, ,18063.1315917969,539.149098279458
119,0,0,3294,0903294000,09-05-065,0,122,First Church Roxbury - Putnam Chapel,Interior and Exterior,John Eliot Square,Roxbury, ,0903294000,Pending, ,90519.3898925781,1269.86412364202
120,0,0,2574,0502574000,05-06-010,0,123,Fisher Junior College,Interior,118 Beacon Street,Back Bay, ,0502574000,Pending, ,6098.41357421875,382.389923999549
121,0,0,1882,0401882000,04-10-145,0,245.11,Harvard Medical School, ,689 Huntington Avenue,Fenway, ,0401882000,Pending, ,487429.258300781,2766.48514353741
122,0,0,1160,0401160000,04-05-005,0,239.11,Horticultural Hall, ,247 Huntington Avenue,Fenway, ,0401160000,Pending, ,22721.4211425781,647.676380718865
123,0,0,1229,1601229000,16-03-015,0,247.12,Industrial School for Girls, ,232 Centre Street,Dorchester, ,0601129000,Pending, ,59052.96875,975.988522006245
124,0,0,4734,0304734000,03-06-670,0,110,Jeweler's Building, ,371-379 Washington Street,Boston, ,0304734000,Pending, ,18198.244140625,620.294485095951
125,0,0,4733,0304733000,03-06-675,0,134,Hutchinson building, ,32-54 Province Street,Boston, ,0304733000,Pending, ,4488.47192382812,366.345112391235
126,0,0,5980,0105980000,01-06-015,0,202.01,Joseph H. Barnes School, ,127 Marion Street,East Boston, ,0105980000,Pending, ,40376.4555664062,803.75812675594
127,0,0,4304-100,0304304100,03-08-335,0,96,Lincoln Building, ,60-70 Lincoln Street,Boston, ,0304304100,Pending, ,16805.3032226562,736.197516594324
128,0,0,1861,0401861000,04-10-050,0,146,Massachusetts College of Art, ,364 Brookline Avenue,Fenway, ,0401861000,Pending, ,99001.240234375,1260.2043423488
129,0,0,1796,0401796000,04-09-080,0,241.11,Museum of Fine Arts, ,465 Huntington Avenue,Fenway, ,0401796000,Pending, ,499593.939697266,2859.3298270465
130,0,0,3882,0303882000,03-06-190,0,105,National Shawmut Bank Building, ,70-84 Devonshire Street,Boston, ,0303882000,Pending, ,26138.8120117188,657.590938488464
131,0,0,2246,0402246000,04-08-036,0,236.11,New England Conservatory/Jordan Hall,Interior and Exterior,290 Huntington Avenue,Fenway, ,0402246000,Pending, ,45201.6208496094,848.331208710656
132,0,0,4176,0304176000,03-06-505,0,235.1,New England Telephone and Telegraph Building, ,185 Franklin Street,Boston, ,0304176000,Pending, ,72717.6564941406,1128.24437951802
133,0,0,3358,2203358000,22-13-050,0,197,Oak Square Fire Station, ,425 Faneuil Street,Brighton, ,2203358000,Pending, ,10040.1989746094,426.405834172674
134,0,0,4599,1704599000,17-11-010,0,258.16,O'Briens Market, ,1911-1913 Dorchester Avenue,Dorchester, ,1704599000,Pending, ,9526.10278320312,391.311289970694
135,0,0,2861,0302861000,03-06-165,0,181,Old Corner Bookstore, ,283 Washington Street,Boston, ,0302861000,Pending, ,5167.17602539062,345.451072332056
136,0,0,3907,0303907000,03-06-180,0,111,Old South Building, ,280-300 Washington Street,Boston, ,0303907000,Pending, ,24579.6987304688,710.729585639035
137,0,0,3728,2203728000,22-04-010,0,216.05,Our Lady of Presentation School, ,640 Washington Street,Brighton, ,2203728000,Pending, ,62632.7590332031,1196.9279253766
138,0,0,3688,2203688000,22-04-005,0,215.05,Our Lady of Presentation Church and Rectory, ,676-680 Washington Street,Brighton, ,2203688000,Pending, ,76708.8002929688,1291.42127270062
139,0,0,1151,0501151000,05-01-085,0,166,Paine Furniture Building, ,81 Arlington Street,Back Bay, ,0501151000,Pending, ,34749.3801269531,797.433931925607
140,0,0,10-5,1000010005,10-01-005,0,208.03,Boston Public Library - Parker Hill Branch, ,1497 Tremont Street,Mission Hill, ,1000010005,Pending, ,11866.2536621094,435.068807188932
141,0,0,4696,0304696000,03-06-695,0,61,Parker House, ,60 School Street,Boston, ,0304696000,Pending, ,27607.7634277344,940.336072369453
142,0,0,1147,0401147000,04-02-080,0,135,Pope/Cahner's Building, ,219-223 Columbus Avenue,Back Bay, ,0401147000,Pending, ,9830.6123046875,398.808818252029
143,0,0,2617-5,1602617005,16-10-190,0,219.06,Putnam Nail Factory [parcel 1602617005], ,12 Ericsson Street,Dorchester, ,1602617005,Pending, ,16801.8845214844,561.592205725848
144,0,0,2617-8,1602617008,16-10-190,0,220.06,Putnam Nail Factory [parcel 1602617008], ,12R Ericsson Street,Dorchester, ,1602617008,Pending, ,35747.23046875,818.023094888806
145,0,0,3746,0303746000,03-06-300,0,95,Richards Building, ,112-116 State Street,Boston, ,0303746000,Pending, ,2481.86181640625,199.911487256018
146,0,0,4179,0304179000,03-06-425,0,132,Richardson Block, ,109-151 Pearl Street,Boston, ,0304179000,Pending, ,17587.8325195312,633.396327485085
147,0,0,3248,0303248000,03-01-070,0,210.04,Sacred Heart Church, ,12 North Square,North End, ,0303248000,Pending, ,7107.45263671875,381.617156290916
148,0,0,3833,0303833000,03-06-240,0,118,Samuel Appleton Building, ,110-114 Milk Street,Boston, ,0303833000,Pending, ,13845.0395507812,474.112569861038
149,0,0, ,0303670000, ,0,179,North Market Building, ,300-399 Faneuil Hall Marketplace,Boston, ,0303670000,Pending, ,33049.9243164062,1242.43411696608
150,0,0,3670,0303670000, ,0,178,South Market Building, ,100-199 Faneuil Hall Marketplace,Boston, ,0303670000,Pending, ,35955.017578125,1218.49586164785
151,0,0,3670,0303670000, ,0,177,Quincy Market Building,Exterior and selected interior areas,200-299 Faneuil Hall Marketplace,Boston, ,0303670000,Yes, ,53096.4521484375,1376.21139615083
152,0,0,2318,0302318000,03-03-025,0,33,St Leonard's Church, ,31-35 Prince Street,North End, ,0302318000,Pending, ,8495.26928710938,416.317341360953
153,0,0,4048-10,1704048010,17-14-080,0,211.04,Stoughton School, ,36-40 River Street,Dorchester, ,1704048010,Pending, ,54120.1193847656,939.687709393884
154,0,0,1482,0401482000,04-08-020,0,240.11,Symphony Hall,Exterior and Interior,301 Massachusetts Avenue,Fenway, ,0401482000,Pending, ,32729.8120117188,731.968650287802
155,0,0,4206,0304206000,03-06-485,0,255.16,The Blue Cross Blue Shield Building, ,133 Federal Street,Boston, ,0304206000,Pending, ,20591.6064453125,589.411245833739
156,0,0,111,1200111000,12-01-075,0,254.16,The Warren House, ,130 Warren Street,Roxbury, ,1200111000,Pending, ,10671.6745605469,427.38436251588
157,0,0,4702-1,0304702001,03-06-695,0,101,Tremont Temple, ,88 Tremont Street,Boston, ,0304702001,Pending, ,12465.5495605469,466.618525095221
158,0,0,1091,0401091000,04-02-030,0,109,Trinity Church, ,206 Clarendon Street,Back Bay, ,0401091000,Pending, ,43992.2258300781,863.108478179704
159,0,0,706,1100706000,11-01-015,0,243.11,William Lloyd Garrison House, ,125 Highland Street,Roxbury, ,110706000,Pending, ,71914.9353027344,1195.30001274132
160,0,0,3888,0303888000,03-06-190,0,104,Worthington Building, ,31-33 State Street,Boston, ,0303888000,Pending, ,3103.2421875,249.748368010483
161,0,0,1420,0801420000, ,0,121,"Gridley J.F. Bryant Buildings, Boston City Hospital", ,Harrison Avenue,South End, ,0801420000,Pending, ,12690.98046875,758.725801673132
162,0,0,3510,0203510000, ,0,115,The Ropewalk, ,Charlestown Navy Yard,Charlestown, ,0203510000,Pending, ,66080.521484375,2830.44526165535
163,0,0, , , ,0,103,Quaker Lane, ,Quaker Lane,Boston, , ,Pending, ,2760.46533203125,627.343161494773
164,0,0,3873,0103873000, ,0, ,Sidewalk Clock - 9 Chelsea Street, ,9 Chelsea Street, , , ,Yes, ,14.708984375,15.5091302787739
165,0,0,3679,0903679000,09-05-115,0,259.17,Richard Bond House, ,88 Lambert Avenue,Roxbury, ,0903679000,Pending, ,28249.6638183594,691.820353797837
166,0,0,3871,0103871000,01-03-040,0,260.17,144-146 Maverick Street, ,144-146 Maverick Street,East Boston, ,0103871000,Pending, ,1336.77709960938,196.439395546383
167,0,0,163,1100163000,11-02-010,0,262.18,Saint James African Orthodox Church, ,50 Cedar Street,Roxbury, ,1100163000,Yes, ,19278.4907226562,619.484192603643
168,0,0, , , ,0,229.07,Charles River Esplanade,See original application on file, ,Beacon Hill/Back Bay,6/23/2009, ,Yes, ,2597879.63061523,42907.3498644143
169,0,0, , , ,0, ,Calf Pasture Pumping Station,Calf Pasture Pumping Station only, ,Dorchester, , ,Pending, ,22852.9572753906,884.5800692399
170,,3,2342,302342000,,,,North Bennet Street Bath House & Gymnasium,,30-32 Bennet St,North End,,302342000,Pending,,7658.36596679688,357.583224824255
171,,17,3728-20,1703728020,,,,Tileston Hous,,13 River Street,Dorchester,,1703728020,Pending,,11026.421875,530.429279471926
172,,3,2114,0302116000,,,,Old North Church,,193 Salem St,North End,,0302116000,Pending,,20273.4521484375,766.051926767122
